
INSERT INTO `matkaaja` (`idmatkaaja`, `etunimi`, `sukunimi`, `nimimerkki`, `paikkakunta`, `esittely`, `kuva`, `email`, `password`) VALUES (66,'Uuno','Turhapuro','uunottaja99','Turku','Lorem ipsum dolor sit amet consectetur, adipisicing elit. Labore nemo asperiores repellendus, repellat, numquam quam ducimus blanditiis recusandae exercitationem adipisci vero eligendi corporis amet sit cumque enim. Similique, voluptas vitae.','','uuno@gmail.com','$2a$10$/5EGFqL9lVIElMCWXeIbj.iWdg5yWu184f3pdNgRMHtrXGxgTonXa'),(67,'Anssi','Simpanssi','simpanssi','Turku','sit amet consectetur adipisicing elit. Voluptatum, dicta enim ratione odio corporis ipsam dolorum aut ea modi, quo dolorem qui et dolores quae vel a quis aspernatur. Modi.','','simpanssi@hotmail.com','$2a$10$Fw7gUjbnssjXJQfoV73QOe7P1nFZlZXrL22BiKf7hRVHnXTRLBJaK'),(68,'Heikki','Heisenberg','heisenberg',NULL,'sit amet consectetur adipisicing elit. Voluptatum, dicta enim ratione odio corporis ipsam dolorum aut ea modi, quo dolorem qui et dolores quae vel a quis aspernatur. Modi.','','heikki@gmail.com','$2a$10$yDnQp//WgypLjB70SfQwx.IrqKDfP0YfyOPg7g7mj1Uzi3Ip0My1m'),(69,'Jaromir','Jagr','Jagr','Kuopio','Lorem ipsum dolor sit amet consectetur adipisicing elit. Sint, quod. \nDolore, consectetur neque. Non reiciendis praesentium fuga tenetur qui sed totam voluptates iure alias? Eligendi excepturi veritatis ex incidunt fugit!','','jagr@nhl.com','$2a$10$0gsnLJk.YsGwBbhLwa8mk.4VCJk4SSWLW4e70pwgU6K2G9zUUfkcO'),(70,'Lionel','Messi','messias','Iisalmi',NULL,'','messis@dna.fi','$2a$10$15DUZDrzVP4tIrGFFgEDl.tZU3mC1mBa6czcHUwgq/kSNN0WvIAom'),(71,'Christiano','Ronaldo','ronaldo','Rovaniemi',NULL,'','krisu@fifa.com','$2a$10$DCRTmcfESAgXFg6c07WVku5gtpAHaUYKFLuHDy4R8amoWt//ZSnNC'),(72,'Roger','Federer','federer88','Rauma','Lorem ipsum dolor sit amet consectetur adipisicing elit. Sint, quod. \nDolore, consectetur neque. Non reiciendis praesentium fuga tenetur qui sed totam voluptates iure alias? Eligendi excepturi veritatis ex incidunt fugit!','','federer@gmail.com','$2a$10$p4smlbgl2VYRH2pOvc4ST.gEh5u7WvMUeyV4NKyarSuhMDLcoaHrq'),(73,'Ossi','Rytkönen','bossi',NULL,'s Suscipit rerum corrupti perferendis dolorum totam rem laudantium, numquam, officia unde architecto neque ratione? Excepturi consectetur modi voluptas earum quo atque debitis?\nLorem ipsum, dolor sit amet consectetur adipisicing elit.','','ossi.rytkonen@gmail.com','$2a$10$PYrHphILkHF9pYiqoDM6EeIeLnPx5om96X35ceGhR/9uv00ofvyDO'),(74,'Rafael','Nadal','rafa','Tampere',NULL,'','nadal@elisa.fi','$2a$10$oE73PxDTggsb9kmVPKg0Ku6gcpXO165rr2/DYofQ9cdqRyoGOMNti'),(75,'Wayne','Gretzky','gretzky','Kuopio','Lorem ipsum dolor sit amet consectetur adipisicing elit. Sint, quod. \nDolore, consectetur neque. Non reiciendis praesentium fuga tenetur qui sed totam voluptates iure alias? Eligendi excepturi veritatis ex incidunt fugit!','','gretz@gg.com','$2a$10$wGTNqOEMCzuLLG5n2.zfHOK.ZYK3bUOapl7o.iCnfJGKKX4ke5qU2'),(76,'Max','Payne','maxpain','Lahti','sit amet consectetur adipisicing elit. Voluptatum, dicta enim ratione odio corporis ipsam dolorum aut ea modi, quo dolorem qui et dolores quae vel a quis aspernatur. Modi.','','max@payne.com','$2a$10$luBk4oUfZP5BlmvkYx6EIOpHGfMTNpwst8ehRTVCO0A9/AqFUFi5G'),(77,'Luca','Doncic','doncic','Pori','sit amet consectetur adipisicing elit. Voluptatum, dicta enim ratione odio corporis ipsam dolorum aut ea modi, quo dolorem qui et dolores quae vel a quis aspernatur. Modi.','','luca@don.nba','$2a$10$euPYTzstcMwQ86gI2iTFF.O1x2iZMeQIGgTNM3OhG2C4enKlUccZu'),(78,'Iivo','Niskanen','iivo90','Kuopio','Necessitatibus quidem eaque earum doloribus! Ipsa ullam consequuntur accusamus obcaecati, deleniti fugit repudiandae veritatis distinctio architecto fuga possimus et? Rem, ducimus vel.\nLorem ipsum dolor sit amet consectetur adipisicing elit. Error impedit suscipit delectus, temporibus illum iusto ut nihil quod aperiam debitis repellat quaerat quos, cum est dignissimos nemo velit quia voluptatem.\nLorem ipsum dolor sit, amet consectetur adipisicing elit.','','iivo@suomi.fi','$2a$10$8xytf19nnIto7rcJFNJgz.rRl8MS7R8lcpUtLvql.CO66UXf/Xumq'),(79,'Will','Smith','therealwillsmith','Helsinki','Lorem ipsum dolor sit amet consectetur adipisicing elit. Sint, quod. \nDolore, consectetur neque. Non reiciendis praesentium fuga tenetur qui sed totam voluptates iure alias? Eligendi excepturi veritatis ex incidunt fugit!','','will@hollywood.com','$2a$10$Q7keEjbn/jrHI11mzjImXeVxLwnrQoz73cqg.DN5nGG0kbMZEjHV.'),(80,'Halle','Berry','berries','Tampere',NULL,'','halle.berry@berries.com','$2a$10$dafIc7iYRTNMhzuh6h6l8.jEnal/JSTTTLIoQFOkqibSchUFi3UoC'),(81,'Salma','Hayek','kajakki','Turku','s Suscipit rerum corrupti perferendis dolorum totam rem laudantium, numquam, officia unde architecto neque ratione? Excepturi consectetur modi voluptas earum quo atque debitis?\nLorem ipsum, dolor sit amet consectetur adipisicing elit.','','salam@hykea.com','$2a$10$ZA6jBuobuhZ7LDgw6URt3OIyT2NLb.pLPdjTgKVA6WjOB1PJjMSDO'),(82,'Jodie','Foster','boosteri','Seinäjoki','Lorem ipsum dolor sit amet consectetur adipisicing elit. Sint, quod. \nDolore, consectetur neque. Non reiciendis praesentium fuga tenetur qui sed totam voluptates iure alias? Eligendi excepturi veritatis ex incidunt fugit!','','jodie@html.com','$2a$10$gQnh68YqdIaotBniJVfrNuh9hdwV3v5ofnMlEaTA1Em7IXOL6/WSq'),(83,'Meryl','Streep','streep','Lappeenranta','Lorem ipsum dolor sit amet consectetur adipisicing elit. Sint, quod. \nDolore, consectetur neque. Non reiciendis praesentium fuga tenetur qui sed totam voluptates iure alias? Eligendi excepturi veritatis ex incidunt fugit!','','streep@abcd.fi','$2a$10$m.BPd/7wfWTXCiD70gtxfujY5zgGP2uxVBGtf4AC6tTbO2zfsB5jW'),(84,'Gandalf','The Grey','gandalf','Helsinki',NULL,'','gandalf@thgrey.so','$2a$10$uMk5Ab3ya.PCrlgjPyOSgefajVzZZ5Z6tSn3X3K4BUFKSqE0.7vue'),(85,'Bilbo','Baggins','baggins',NULL,'s Suscipit rerum corrupti perferendis dolorum totam rem laudantium, numquam, officia unde architecto neque ratione? Excepturi consectetur modi voluptas earum quo atque debitis?\nLorem ipsum, dolor sit amet consectetur adipisicing elit.','','bilbo@shrine.com','$2a$10$x7VCUlGP3gGnrSdnu3SQUuyOTHgB7KAfgHHezfPVyAlTduL8wy4yq'),(86,'Monkey','Luffy','thatch','Lahti','sit amet consectetur adipisicing elit. Voluptatum, dicta enim ratione odio corporis ipsam dolorum aut ea modi, quo dolorem qui et dolores quae vel a quis aspernatur. Modi.','','one@piece.fi','$2a$10$AHMV6UAhLg5/8l2V.tbHGee4EEevMvMRHFBAc/o0KKwpBO4LGGhIS'),(87,'Wendy','Cartman','wendy','Kuopio','Lorem ipsum dolor sit amet consectetur adipisicing elit. Sint, quod. \nDolore, consectetur neque. Non reiciendis praesentium fuga tenetur qui sed totam voluptates iure alias? Eligendi excepturi veritatis ex incidunt fugit!','','wendy@school.dd','$2a$10$JZvIoRUG8x3LVp2gLiaHc.6yOGRWc6exDEo18psaKKJLsDSMBaKVm'),(88,'Rölli','Peikko','lammas52','Helsinki','sit amet consectetur adipisicing elit. Voluptatum, dicta enim ratione odio corporis ipsam dolorum aut ea modi, quo dolorem qui et dolores quae vel a quis aspernatur. Modi.','','rollit@metsa.fi','$2a$10$AKBkpNn69X/BaxKaQGxTU.ClILIfPnl12pkeiyKDfb2iBIMlr0mYq'),(89,'Tuija','Tuijottaja','tuijottaja',NULL,'Lorem ipsum dolor sit amet consectetur adipisicing elit. Sint, quod. \nDolore, consectetur neque. Non reiciendis praesentium fuga tenetur qui sed totam voluptates iure alias? Eligendi excepturi veritatis ex incidunt fugit!','','tt@pp.fi','$2a$10$WFBmwiTC6lZAGErUvyYHbOrGNYc4blZ3wAg1X.KZfmn.B7t05KpTC'),(90,'Ossi223','Ossian23','ossittaja99','Kuopio','jotain tekstiä','','ossi@ossit.fi','$2a$10$ORC.caiHFGrxdB9nMeQUKuI.dp2atpEAmXLhhR/hWhhfrSOlwVSzC'),(91,'Erkki','Esimerkki','Errki',NULL,NULL,'','erkki@gmail.com','$2a$10$RECQ8SDjTxEJamlrrddci.sC9QCNwQ9D/QqSnDnHyKKlR0KI/G/NC'),(92,'Muumi','Mamma','muumi','Naantali','....','','muumit@gmail.com','$2a$10$I6pWF3FSeDbATeNMRKapW.ACrEzZp/5ihkjrHX/ThKZscfuMtYHB2');
INSERT INTO `matkakohde` (`idmatkakohde`, `kohdenimi`, `maa`, `paikkakunta`, `kuvausteksti`, `kuva`) VALUES (7,'Väinölänniemi','Suomi','Kuopio','Väinölänniemi, tuttavallisemmin Vänäri, on puisto- ja urheilualue aivan Kuopion keskustan tuntumassa. Kallaveden ympäröimä Väinölänniemi on Kuopion vanhimpia ja tunnetuimpia kaupunkipuistoja, ja se toimii merkittävänä virkistys- sekä tapahtumapaikkana niin paikallisille kuin matkailijoillekin.',''),(8,'Vapauden patsas','Yhdysvallat','New York','Vapaudenpatsas (engl. Statue of Liberty), varsinaiselta nimeltään Vapaus valaisee maailmaa (engl. Liberty Enlightening the World, ransk. La liberté éclairant le monde), on suuri naishahmoa esittävä patsas New Yorkin edustalla Liberty Islandin saarella. Patsas on Ranskan kansan lahja Yhdysvalloille juhlistamaan Yhdysvaltain itsenäisyysjulistuksesta 1776 alkanutta maiden välistä ystävyyssuhdetta. Monumenttia ehdotti ranskalainen Édouard de Laboulaye vuonna 1865, ja hän ja kuvanveistäjä Frédéric Auguste Bartholdi yhdessä suunnittelivat patsaan. Ranskalaiset tekivät itse patsaan kuparista, raudasta ja teräksestä ja vastasivat sen kokoamisesta Yhdysvalloissa, ja yhdysvaltalaiset tekivät jalustan. Vapaudenpatsas paljastettiin 28. lokakuuta 1886.',''),(9,'Ibizan yöelämä','Espanja','Ibiza','Välimerellä sijaitseva Ibiza kuuluu Baleaarien saariryhmään yhdessä Mallorcan, Menorcan ja Formenteran kanssa. Reilun 100 000 asukkaan saari rauhoittuu talvella hiljaiseksi espanjalaiskohteeksi, mutta herää kesäisin eloon matkailijoiden vallatessa sen rannat, hotellit ja lukuisat klubit.\n\nJo 1960-luvulla taiteilijat ja kukkaislapset saapuivat nauttimaan saaren lumovoimasta – sama hippihenki on havaittavissa vielä tänäkin päivänä.',''),(10,'Macchu Picchu','Peru','Aguas Calientes','Machu Picchu (ketšuaksi Machu Pikchu, [ˈmatʃʊ ˈpɪktʃʊ], ’vanha vuori’ tai ’vanha huippu’) on muinainen inkakaupunki Andien harjanteella Perussa Etelä-Amerikassa. Kaupunki sijaitsee 2 430 metrin korkeudessa Urubambajoen laaksossa lähellä Inkavaltakunnan pääkaupunki Cuscoa. Kaupungissa oli noin 200 rakennusta, kuten temppeleitä, hallitsijanpalatsi, asuintaloja ja varastoja. Vuorenrinteille oli rakennettu viljelypengermiä. Kaupungissa asui noin 750 asukasta.\n\nInkat aloittivat Machu Picchun rakentamisen noin vuonna 1420. He hylkäsivät kaupungin 1530-luvulla hävittyään espanjalaisvalloittajille. Machu Picchu on Unescon maailmanperintökohde.',''),(11,'Kheopsin pyramidi','Egypti','Giza','Kheopsin pyramidi (myös Khufun pyramidi tai Suuri pyramidi) on suurin ja tunnetuin Gizan egyptiläisistä pyramideista. Neljännen dynastian faarao Kheops (Khufu) oletettavasti rakennutti pyramidin hautapaikakseen noin 2560 eaa. Se oli maailman korkein rakennus yli 3 800 vuoden ajan. Viimeinen säilynyt maailman 7 ihmeestä. ',''),(34,'Colosseum','Italia','Rooma','Colosseum (ital. il Colosseo) on antiikin Rooman aikainen amfiteatteri Roomassa Italiassa. Colosseum oli koko Rooman valtakunnan suurin amfiteatteri, ja sinne mahtui ilmeisesti yli 50 000 katsojaa.\n\nColosseumin rakentamisen aloitti keisari Vespasianus 70-luvun alussa, ja se vihittiin käyttöön vuonna 80 Tituksen hallituskaudella. Colosseumilla järjestettiin sen ensimmäisten vuosisatojen aikana gladiaattoritaisteluita, metsästysnäytöksiä ja muita näytöksiä sekä teloituksia.\n\nNykyisin Colosseum on osittain raunioitunut maanjäristyksien ja kiviaineksen ryöstön takia.[1] Se on Rooman suosituimpia nähtävyyksiä ja katolisen kirkon pyhä paikka.',''),(35,'Niiralan Monttu','Suomi','Kuopio','KalPan pelejä ynnä muuta kivaa.',''),(37,'Rialton silta','Italia','Venetsia','Rialton silta (ital. Ponte di Rialto) on yksi Canal Granden ylittävistä silloista Venetsiassa, Italiassa. Se kuuluu Italian tunnetuimpiin nähtävyyksiin.[1]\n\nNykyisen sillan tilalla oli aluksi ponttonisilta ja myöhemmin puusilta. 1400-luvulla käytettiin nostosiltaa, jotta purjelaivat mahtuisivat kulkemaan kanavassa. Nykyinen Antonio da Ponten suunnittelema kivisilta valmistui vuonna 1591.[1][2]\n\nRialton silta oli aina vuoteen 1854 asti ainoa silta suuren kanaalin yli sekä ainoa kanaalin rantojen yhdistäjä. Tämä Antonio da Ponten luomus alueen lukuisine ostoskatuineen yhdistää juuri Pyhän Markuksen torin ja Rialton alueen toisiinsa.',''),(42,'Stark\'s Pond','Yhdysvallat','South Park','Jossakin melkokeskellä ameriikkaa.',''),(96,'Kuopion Kauppahalli','Suomi','Kuopio','Rakennuksen on suunnitellut Johan Victor Strömberg. Kauppahalli aloitti toimintansa elokuussa 1902. Hallia laajennettiin 1914 Arne Sireliuksen suunnittelemalla lihatarkastamolla, joka toimii nykyään kalahallina. Myöhemmin hallin ulkoasua on paranneltu ja tehty sisäremontteja. Kauppahallin purkamisesta keskusteltiin vakavasti viimeksi 1960-luvulla. Kauppahalli päätettiin kuitenkin kunnostaa 1970-luvun alussa. Rakennuksen nykyinen väritys on peräisin tältä ajalta.',''),(101,'Linnanmäki','Suomi','Helsinki','Enim asperiores perferendis quis? Repudiandae impedit cumque rem \ntenetur ducimus iste nobis dolores aperiam molestiae, modi, voluptatibus enim placeat nam atque autem?\nLorem ipsum dolor sit amet consectetur adipisicing elit. Quisquam sed tenetur nulla nam, laudantium, atque temporibus quibusdam\n ullam sequi voluptatem molestiae distinctio amet quod veniam, possimus similique in molestias ducimus.',''),(102,'Havaji','Yhdysvallat','Honolulu','Enim asperiores perferendis quis? Repudiandae impedit cumque rem \ntenetur ducimus iste nobis dolores aperiam molestiae, modi, voluptatibus enim placeat nam atque autem?\nLorem ipsum dolor sit amet consectetur adipisicing elit. Quisquam sed tenetur nulla nam, laudantium, atque temporibus quibusdam\n ullam sequi voluptatem molestiae distinctio amet quod veniam, possimus similique in molestias ducimus.',''),(103,'Pyhän Pietarin Kappeli','Vatikaani','Vatikaani','Enim asperiores perferendis quis? Repudiandae impedit cumque rem \ntenetur ducimus iste nobis dolores aperiam molestiae, modi, voluptatibus enim placeat nam atque autem?\nLorem ipsum dolor sit amet consectetur adipisicing elit. Quisquam sed tenetur nulla nam, laudantium, atque temporibus quibusdam\n ullam sequi voluptatem molestiae distinctio amet quod veniam, possimus similique in molestias ducimus.',''),(104,'Niagaran Putoukset','Kanada','','Adipisci dicta atque tempore ab unde, quos blanditiis velit a aperiam eos, \nneque facilis deleniti magni officia tenetur animi minima expedita similique.\nLorem ipsum dolor sit amet consectetur adipisicing elit. Odit officiis necessitatibus cumque at error velit, architecto obcaecati \niste eius asperiores quas quisquam voluptate repudiandae consequatur odio cum quibusdam atque officia!',''),(105,'Puijon Torni','Suomi','Kuopio','Adipisci dicta atque tempore ab unde, quos blanditiis velit a aperiam eos, \nneque facilis deleniti magni officia tenetur animi minima expedita similique.\nLorem ipsum dolor sit amet consectetur adipisicing elit. Odit officiis necessitatibus cumque at error velit, architecto obcaecati \niste eius asperiores quas quisquam voluptate repudiandae consequatur odio cum quibusdam atque officia!',''),(106,'Big Ben','Englanti','Lontoo','Adipisci dicta atque tempore ab unde, quos blanditiis velit a aperiam eos, \nneque facilis deleniti magni officia tenetur animi minima expedita similique.\nLorem ipsum dolor sit amet consectetur adipisicing elit. Odit officiis necessitatibus cumque at error velit, architecto obcaecati \niste eius asperiores quas quisquam voluptate repudiandae consequatur odio cum quibusdam atque officia!','');
INSERT INTO `matka` (`idmatkaaja`, `alkupvm`, `loppupvm`, `yksityinen`, `idmatka`) VALUES (66,'2018-09-30','2018-10-26',0,6),(66,'2019-06-24','2019-06-30',0,7),(66,'2020-09-12','2020-12-12',0,8),(67,'2020-10-12','2020-12-17',0,9),(68,'2021-01-05','2021-02-03',1,10),(69,'2022-01-01','2022-01-15',0,11),(69,'2022-03-02','2022-03-27',0,12),(70,'2018-07-20','2018-07-27',0,13),(70,'2019-08-21','2021-09-07',0,14),(71,'2019-08-22','2021-09-01',1,15),(71,'2019-09-02','2021-09-05',0,16),(72,'2017-09-02','2017-09-05',0,18),(72,'2018-09-02','2018-09-05',1,19),(73,'2020-05-05','2020-05-30',0,20),(74,'2020-05-06','2020-05-27',0,21),(76,'2022-04-05','2022-04-20',1,22),(77,'2019-04-05','2019-04-20',0,23),(78,'2019-06-01','2019-06-15',0,24),(80,'2019-06-05','2019-06-26',0,25),(80,'2019-06-07','2019-07-26',1,26),(80,'2020-08-01','2019-08-08',0,27),(80,'2020-12-03','2019-12-25',0,28),(81,'2020-12-03','2019-12-25',0,29),(82,'2021-12-04','2019-12-22',0,30),(82,'2022-01-22','2019-02-16',0,31),(82,'2022-02-22','2019-03-17',1,32),(83,'2018-04-20','2018-06-11',0,33),(83,'2018-07-22','2018-08-10',0,34),(83,'2020-10-12','2020-11-07',0,35),(84,'2020-10-12','2020-11-07',1,36),(86,'2021-10-10','2021-11-02',0,37),(86,'2021-12-10','2021-12-30',0,38),(87,'2019-03-10','2021-04-30',0,39),(87,'2019-07-02','2021-08-04',0,40),(88,'2019-07-02','2021-08-04',0,41),(88,'2020-02-05','2020-03-04',0,42),(88,'2021-01-11','2020-01-18',1,43),(89,'2019-06-27','2019-08-04',0,44),(89,'2019-09-22','2019-10-01',1,45),(89,'2020-08-21','2020-10-01',0,46),(89,'2021-02-19','2021-03-01',0,47),(66,'2021-02-19','2021-03-01',1,48),(66,'2021-06-30','2021-07-07',0,49),(66,'2021-10-30','2021-12-01',0,50),(66,'2022-01-01','2022-02-02',0,52);
INSERT INTO `tarina` (`idmatkakohde`, `pvm`, `teksti`, `idmatka`) VALUES (7,'2022-10-05','Lorem ipsum dolor sit amet consectetur adipisicing elit. Dolor debitis dolorum odio quasi optio ut culpa placeat, neque quam rerum. \nQuae ab adipisci, eligendi deleniti fugiat voluptatem assumenda soluta neque?\nLorem ipsum dolor sit amet consectetur adipisicing elit.',6),(7,'2022-03-15','Enim asperiores perferendis quis? Repudiandae impedit cumque rem \ntenetur ducimus iste nobis dolores aperiam molestiae, modi, voluptatibus enim placeat nam atque autem?\nLorem ipsum dolor sit amet consectetur adipisicing elit.',16),(8,'2022-03-15','Enim asperiores perferendis quis? Repudiandae impedit cumque rem \ntenetur ducimus iste nobis dolores aperiam molestiae, modi, voluptatibus enim placeat nam atque autem?\nLorem ipsum dolor sit amet consectetur adipisicing elit.',41),(9,'2020-11-24','Minima libero quisquam tempore quae ea mollitia error accusamus. Quae, dolor vero sint sed,\n numquam perspiciatis saepe quia libero blanditiis similique molestias!',8),(9,'2022-03-15','Quisquam sed tenetur nulla nam, laudantium, atque temporibus quibusdam\n ullam sequi voluptatem molestiae distinctio amet quod veniam, possimus similique in molestias ducimus.\nLorem ipsum dolor sit amet, consectetur adipisicing elit. Voluptatem odit architecto sunt, excepturi illo soluta quis saepe \nnostrum pariatur eaque, officia qui quo odio porro rem tempore sequi aliquam facilis?',23),(10,'2020-10-13','Minima libero quisquam tempore quae ea mollitia error accusamus. Quae, dolor vero sint sed,\n numquam perspiciatis saepe quia libero blanditiis similique molestias!',9),(10,'2022-03-15','orem ipsum dolor sit amet consectetur adipisicing elit. Dolor debitis dolorum odio quasi optio ut culpa placeat, neque quam rerum. \nQuae ab adipisci, eligendi deleniti fugiat voluptatem assumenda soluta neque?',33),(10,'2022-03-15','Adipisci dicta atque tempore ab unde, quos blanditiis velit a aperiam eos, \nneque facilis deleniti magni officia tenetur animi minima expedita similique',41),(11,'2020-10-15','Voluptatem odit architecto sunt, excepturi illo soluta quis saepe \nnostrum pariatur eaque, officia qui quo odio porro rem tempore sequi aliquam facilis?',9),(11,'2022-03-15','Odit officiis necessitatibus cumque at error velit, architecto obcaecati \niste eius asperiores quas quisquam voluptate repudiandae consequatur odio cum quibusdam atque officia!',33),(34,'2021-01-01','Voluptatem odit architecto sunt, excepturi illo soluta quis saepe \nnostrum pariatur eaque, officia qui quo odio porro rem tempore sequi aliquam facilis?',10),(35,'2021-02-07','Quisquam sed tenetur nulla nam, laudantium, atque temporibus quibusdam\n ullam sequi voluptatem molestiae distinctio amet quod veniam, possimus similique in molestias ducimus.\nLorem ipsum dolor sit amet, consectetur adipisicing elit',10),(35,'2022-03-14','Lorem ipsum dolor sit amet consectetur adipisicing elit. Dolor debitis dolorum odio quasi optio ut culpa placeat, neque quam rerum. \nQuae ab adipisci, eligendi deleniti fugiat voluptatem assumenda soluta neque?\nLorem ipsum dolor sit amet consectetur adipisicing elit.',12),(37,'2022-03-17','Quisquam sed tenetur nulla nam, laudantium, atque temporibus quibusdam\n ullam sequi voluptatem molestiae distinctio amet quod veniam, possimus similique in molestias ducimus.\nLorem ipsum dolor sit amet, consectetur adipisicing elit',12),(42,'2022-03-22','Enim asperiores perferendis quis? Repudiandae impedit cumque rem \ntenetur ducimus iste nobis dolores aperiam molestiae, modi, voluptatibus enim placeat nam atque autem?',12),(96,'2022-02-06','Quisquam sed tenetur nulla nam, laudantium, atque temporibus quibusdam\n ullam sequi voluptatem molestiae distinctio amet quod veniam, possimus similique in molestias ducimus.\nLorem ipsum dolor sit amet, consectetur adipisicing elit',31),(101,'2018-10-10','Adipisci dicta atque tempore ab unde, quos blanditiis velit a aperiam eos, \nneque facilis deleniti magni officia tenetur animi minima expedita similique.',6),(101,'2022-03-15','Lorem ipsum dolor sit amet consectetur adipisicing elit. Adipisci dicta atque tempore ab unde, quos blanditiis velit a aperiam eos, \nneque facilis deleniti magni officia tenetur animi minima expedita similique.',42),(102,'2019-06-29','Enim asperiores perferendis quis? Repudiandae impedit cumque rem \ntenetur ducimus iste nobis dolores aperiam molestiae, modi, voluptatibus enim placeat nam atque autem?\nLorem ipsum dolor sit amet consectetur adipisicing elit.',7),(102,'2022-03-15','Voluptatem odit architecto sunt, excepturi illo soluta quis saepe \nnostrum pariatur eaque, officia qui quo odio porro rem tempore sequi aliquam facilis?\nLorem ipsum, dolor sit amet consectetur adipisicing elit. Minima libero quisquam tempore quae ea mollitia error accusamus. Quae, dolor vero sint sed,\n numquam perspiciatis saepe quia libero blanditiis similique molestias!',12),(102,'2022-03-15','Voluptatem odit architecto sunt, excepturi illo soluta quis saepe \nnostrum pariatur eaque, officia qui quo odio porro rem tempore sequi aliquam facilis?\nLorem ipsum, dolor sit amet consectetur adipisicing elit. Minima libero quisquam tempore quae ea mollitia error accusamus. Quae, dolor vero sint sed,\n numquam perspiciatis saepe quia libero blanditiis similique molestias!',21),(103,'2022-02-12','Quae ab adipisci, eligendi deleniti fugiat voluptatem assumenda soluta neque?',49),(103,'2022-02-12','Voluptatem odit architecto sunt, excepturi illo soluta quis saepe \nnostrum pariatur eaque, officia qui quo odio porro rem tempore sequi aliquam facilis?\nLorem ipsum, dolor sit amet consectetur adipisicing elit. Minima libero quisquam tempore quae ea mollitia error accusamus. Quae, dolor vero sint sed,\n numquam perspiciatis saepe quia libero blanditiis similique molestias!',50),(105,'2022-02-12','Adipisci dicta atque tempore ab unde, quos blanditiis velit a aperiam eos, \nneque facilis deleniti magni officia tenetur animi minima expedita similique.\nLorem ipsum dolor sit amet consectetur adipisicing elit. Odit officiis necessitatibus cumque at error velit, architecto obcaecati \niste eius asperiores quas quisquam voluptate repudiandae consequatur odio cum quibusdam atque officia!',31),(106,'2022-04-27','jotaon tekstiä',6),(106,'2022-02-12','Odit officiis necessitatibus cumque at error velit, architecto obcaecati \niste eius asperiores quas quisquam voluptate repudiandae consequatur odio cum quibusdam atque officia!\nLorem ipsum dolor sit amet consectetur, adipisicing elit.',30);
INSERT INTO `kuva` (`idkuva`, `kuva`, `idmatkakohde`, `idmatka`) VALUES (3,'',35,12),(4,'',35,12),(5,'',35,12),(7,'',35,12),(8,'',42,12),(9,'',102,12),(11,'',105,31),(16,'',7,31),(17,'',106,31),(18,'',42,11),(19,'',96,38),(20,'',101,38),(21,'',102,50),(22,'',102,50),(25,'',7,6),(26,'',7,6),(27,'',101,6),(30,'',7,6),(31,'',106,6),(32,'',106,6);